peptide_name,average_plddt
LUZ100_gp06_unrelaxed,42.4884215686275
LUZ100_gp10_unrelaxed,92.46048178613381
LUZ100_gp16_unrelaxed,89.45290640394083
LUZ100_gp24_unrelaxed,55.348479087452596
LUZ100_gp28_unrelaxed,92.86069444444453
LUZ100_gp49_unrelaxed,95.16881233000937
LUZ100_gp52_unrelaxed,91.76424818840586
