peptide_name,average_plddt
PPLUZ24_gp22_unrelaxed,94.37211132437638
PPLUZ24_gp23_unrelaxed,71.60265531062109
PPLUZ24_gp30_unrelaxed,93.00758775877622
PPLUZ24_gp35_unrelaxed,89.65756901157626
PPLUZ24_gp40_unrelaxed,95.0618956953642
PPLUZ24_gp48_unrelaxed,84.03673400673428
PPLUZ24_gp52_unrelaxed,54.236715909091
PPLUZ24_gp54_unrelaxed,93.75008510638264
PPLUZ24_gp61_unrelaxed,93.1003091557669
PPLUZ24_gp67_unrelaxed,95.71143129770977
